insert into "user"(username, email, password) values ('fabiano', 'fz@fabianozenatti.it', 'b35469cfbe220e8f5a663c14b6fdea99bacab80cab74eb809761ab7e2a2eb6642e57693d638a21cdbf7e07cb76d3441647dc68689502d4a0398d8009f7ed9980');

INSERT INTO "user" (username, email, password, credit) VALUES ('mario', 'mario.rossi@fabianozenatti.it', 'b35469cfbe220e8f5a663c14b6fdea99bacab80cab74eb809761ab7e2a2eb6642e57693d638a21cdbf7e07cb76d3441647dc68689502d4a0398d8009f7ed9980', '10.0' );
INSERT INTO "user" (username, email, password, credit) VALUES ('luca', 'luca@fabianozenatti.it', 'b35469cfbe220e8f5a663c14b6fdea99bacab80cab74eb809761ab7e2a2eb6642e57693d638a21cdbf7e07cb76d3441647dc68689502d4a0398d8009f7ed9980', '15.0' );
INSERT INTO "user" (username, email, password, credit) VALUES ('roby', 'roberto@fabianozenatti.it', 'b35469cfbe220e8f5a663c14b6fdea99bacab80cab74eb809761ab7e2a2eb6642e57693d638a21cdbf7e07cb76d3441647dc68689502d4a0398d8009f7ed9980', '20.0' );
INSERT INTO "user" (username, email, password, credit) VALUES ('dallag', 'marco@fabianozenatti.it', 'b35469cfbe220e8f5a663c14b6fdea99bacab80cab74eb809761ab7e2a2eb6642e57693d638a21cdbf7e07cb76d3441647dc68689502d4a0398d8009f7ed9980', '5.0' );
INSERT INTO "user" (username, email, password, credit) VALUES ('David93', 'davide.pizzolotto@fabianozenatti.it', 'b35469cfbe220e8f5a663c14b6fdea99bacab80cab74eb809761ab7e2a2eb6642e57693d638a21cdbf7e07cb76d3441647dc68689502d4a0398d8009f7ed9980', '7.0' );
INSERT INTO "user" (username, email, password, credit) VALUES ('erFabyTunz', 'faby.zen@fabianozenatti.it', 'b35469cfbe220e8f5a663c14b6fdea99bacab80cab74eb809761ab7e2a2eb6642e57693d638a21cdbf7e07cb76d3441647dc68689502d4a0398d8009f7ed9980', '150.0' );
INSERT INTO "user" (username, email, password, credit) VALUES ('Matteo', 'Matteo.martella@fabianozenatti.it', 'b35469cfbe220e8f5a663c14b6fdea99bacab80cab74eb809761ab7e2a2eb6642e57693d638a21cdbf7e07cb76d3441647dc68689502d4a0398d8009f7ed9980', '35.0' );
INSERT INTO "user" (username, email, password, credit) VALUES ('Dante99', 'Alighieri.dante@fabianozenatti.it', 'b35469cfbe220e8f5a663c14b6fdea99bacab80cab74eb809761ab7e2a2eb6642e57693d638a21cdbf7e07cb76d3441647dc68689502d4a0398d8009f7ed9980', '1.0' );
INSERT INTO "user" (username, email, password, credit) VALUES ('Serious', 'serious.sam@fabianozenatti.it', 'b35469cfbe220e8f5a663c14b6fdea99bacab80cab74eb809761ab7e2a2eb6642e57693d638a21cdbf7e07cb76d3441647dc68689502d4a0398d8009f7ed9980', '47.0' );
INSERT INTO "user" (username, email, password, credit) VALUES ('Menethil', 'Arthas@fabianozenatti.it', 'b35469cfbe220e8f5a663c14b6fdea99bacab80cab74eb809761ab7e2a2eb6642e57693d638a21cdbf7e07cb76d3441647dc68689502d4a0398d8009f7ed9980', '250.0' );
INSERT INTO "user" (username, email, password, credit) VALUES ('pippiZ', 'pippicalzelunghe@fabianozenatti.it', 'b35469cfbe220e8f5a663c14b6fdea99bacab80cab74eb809761ab7e2a2eb6642e57693d638a21cdbf7e07cb76d3441647dc68689502d4a0398d8009f7ed9980', '15.0' );
INSERT INTO "user" (username, email, password, credit) VALUES ('UtontoStd', 'utonto@fabianozenatti.it', 'b35469cfbe220e8f5a663c14b6fdea99bacab80cab74eb809761ab7e2a2eb6642e57693d638a21cdbf7e07cb76d3441647dc68689502d4a0398d8009f7ed9980', '16.0' );
INSERT INTO "user" (username, email, password, credit) VALUES ('fhahthbhahrhdhah', 'fatbardha.Hoxha@fabianozenatti.it', 'b35469cfbe220e8f5a663c14b6fdea99bacab80cab74eb809761ab7e2a2eb6642e57693d638a21cdbf7e07cb76d3441647dc68689502d4a0398d8009f7ed9980', '85.0' );
INSERT INTO "user" (username, email, password, credit) VALUES ('TheKing', 'tullo_ostilio@fabianozenatti.it', 'b35469cfbe220e8f5a663c14b6fdea99bacab80cab74eb809761ab7e2a2eb6642e57693d638a21cdbf7e07cb76d3441647dc68689502d4a0398d8009f7ed9980', '31.0' );

INSERT INTO "genre" (description) VALUES ('Action');
INSERT INTO "genre" (description) VALUES ('Adventure');
INSERT INTO "genre" (description) VALUES ('Animation');
INSERT INTO "genre" (description) VALUES ('Comedy');
INSERT INTO "genre" (description) VALUES ('Crime');
INSERT INTO "genre" (description) VALUES ('Drama');
INSERT INTO "genre" (description) VALUES ('Horror');
INSERT INTO "genre" (description) VALUES ('Musical');
INSERT INTO "genre" (description) VALUES ('Science Fiction');
INSERT INTO "genre" (description) VALUES ('War');
INSERT INTO "genre" (description) VALUES ('Western');

INSERT INTO "price" (kind, amount) VALUES ('3D','10.0');
INSERT INTO "price" (kind, amount) VALUES ('2D','8.0');
INSERT INTO "price" (kind, amount) VALUES ('Disabile','5.0');
INSERT INTO "price" (kind, amount) VALUES ('Reduce','5.0');

INSERT INTO "theater" (id, description) VALUES ('1','Blu');
INSERT INTO "theater" (id, description) VALUES ('2','Verde');
INSERT INTO "theater" (id, description) VALUES ('3','Rossa');
INSERT INTO "theater" (id, description) VALUES ('4','Gialla');

INSERT INTO "seat" (id, theater_id, "row", "column", exist) VALUES ('1','1','1','1','true');
INSERT INTO "seat" (id, theater_id, "row", "column", exist) VALUES ('2','1','1','2','true');
INSERT INTO "seat" (id, theater_id, "row", "column", exist) VALUES ('3','1','1','3','true');
INSERT INTO "seat" (id, theater_id, "row", "column", exist) VALUES ('4','1','1','4','true');
INSERT INTO "seat" (id, theater_id, "row", "column", exist) VALUES ('5','1','1','5','true');
INSERT INTO "seat" (id, theater_id, "row", "column", exist) VALUES ('6','1','1','6','true');
INSERT INTO "seat" (id, theater_id, "row", "column", exist) VALUES ('7','1','1','7','true');
INSERT INTO "seat" (id, theater_id, "row", "column", exist) VALUES ('8','1','1','8','true');
INSERT INTO "seat" (id, theater_id, "row", "column", exist) VALUES ('9','1','1','9','true');
INSERT INTO "seat" (id, theater_id, "row", "column", exist) VALUES ('10','1','1','10','true');
INSERT INTO "seat" (id, theater_id, "row", "column", exist) VALUES ('11','1','2','1','true');
INSERT INTO "seat" (id, theater_id, "row", "column", exist) VALUES ('12','1','2','2','true');
INSERT INTO "seat" (id, theater_id, "row", "column", exist) VALUES ('13','1','2','3','true');
INSERT INTO "seat" (id, theater_id, "row", "column", exist) VALUES ('14','1','2','4','true');
INSERT INTO "seat" (id, theater_id, "row", "column", exist) VALUES ('15','1','2','5','true');
INSERT INTO "seat" (id, theater_id, "row", "column", exist) VALUES ('16','1','2','6','true');
INSERT INTO "seat" (id, theater_id, "row", "column", exist) VALUES ('17','1','2','7','true');
INSERT INTO "seat" (id, theater_id, "row", "column", exist) VALUES ('18','1','2','8','true');
INSERT INTO "seat" (id, theater_id, "row", "column", exist) VALUES ('19','1','2','9','true');
INSERT INTO "seat" (id, theater_id, "row", "column", exist) VALUES ('20','1','2','10','true');
INSERT INTO "seat" (id, theater_id, "row", "column", exist) VALUES ('21','1','3','1','true');
INSERT INTO "seat" (id, theater_id, "row", "column", exist) VALUES ('22','1','3','2','true');
INSERT INTO "seat" (id, theater_id, "row", "column", exist) VALUES ('23','1','3','3','true');
INSERT INTO "seat" (id, theater_id, "row", "column", exist) VALUES ('24','1','3','4','true');
INSERT INTO "seat" (id, theater_id, "row", "column", exist) VALUES ('25','1','3','5','true');
INSERT INTO "seat" (id, theater_id, "row", "column", exist) VALUES ('26','1','3','6','true');
INSERT INTO "seat" (id, theater_id, "row", "column", exist) VALUES ('27','1','3','7','true');
INSERT INTO "seat" (id, theater_id, "row", "column", exist) VALUES ('28','1','3','8','true');
INSERT INTO "seat" (id, theater_id, "row", "column", exist) VALUES ('29','1','3','9','true');
INSERT INTO "seat" (id, theater_id, "row", "column", exist) VALUES ('30','1','3','10','true');
INSERT INTO "seat" (id, theater_id, "row", "column", exist) VALUES ('31','1','4','1','true');
INSERT INTO "seat" (id, theater_id, "row", "column", exist) VALUES ('32','1','4','2','true');
INSERT INTO "seat" (id, theater_id, "row", "column", exist) VALUES ('33','1','4','3','true');
INSERT INTO "seat" (id, theater_id, "row", "column", exist) VALUES ('34','1','4','4','true');
INSERT INTO "seat" (id, theater_id, "row", "column", exist) VALUES ('35','1','4','5','true');
INSERT INTO "seat" (id, theater_id, "row", "column", exist) VALUES ('36','1','4','6','true');
INSERT INTO "seat" (id, theater_id, "row", "column", exist) VALUES ('37','1','4','7','true');
INSERT INTO "seat" (id, theater_id, "row", "column", exist) VALUES ('38','1','4','8','true');
INSERT INTO "seat" (id, theater_id, "row", "column", exist) VALUES ('39','1','4','9','true');
INSERT INTO "seat" (id, theater_id, "row", "column", exist) VALUES ('40','1','4','10','true');
INSERT INTO "seat" (id, theater_id, "row", "column", exist) VALUES ('41','1','5','1','true');
INSERT INTO "seat" (id, theater_id, "row", "column", exist) VALUES ('42','1','5','2','true');
INSERT INTO "seat" (id, theater_id, "row", "column", exist) VALUES ('43','1','5','3','true');
INSERT INTO "seat" (id, theater_id, "row", "column", exist) VALUES ('44','1','5','4','true');
INSERT INTO "seat" (id, theater_id, "row", "column", exist) VALUES ('45','1','5','5','true');
INSERT INTO "seat" (id, theater_id, "row", "column", exist) VALUES ('46','1','5','6','true');
INSERT INTO "seat" (id, theater_id, "row", "column", exist) VALUES ('47','1','5','7','true');
INSERT INTO "seat" (id, theater_id, "row", "column", exist) VALUES ('48','1','5','8','true');
INSERT INTO "seat" (id, theater_id, "row", "column", exist) VALUES ('49','1','5','9','true');
INSERT INTO "seat" (id, theater_id, "row", "column", exist) VALUES ('50','1','5','10','true');
INSERT INTO "seat" (id, theater_id, "row", "column", exist) VALUES ('51','2','1','1','false'); -- sala 2
INSERT INTO "seat" (id, theater_id, "row", "column", exist) VALUES ('52','2','1','2','false');
INSERT INTO "seat" (id, theater_id, "row", "column", exist) VALUES ('53','2','1','3','true');
INSERT INTO "seat" (id, theater_id, "row", "column", exist) VALUES ('54','2','1','4','true');
INSERT INTO "seat" (id, theater_id, "row", "column", exist) VALUES ('55','2','1','5','true');
INSERT INTO "seat" (id, theater_id, "row", "column", exist) VALUES ('56','2','1','6','true');
INSERT INTO "seat" (id, theater_id, "row", "column", exist) VALUES ('57','2','1','7','false');
INSERT INTO "seat" (id, theater_id, "row", "column", exist) VALUES ('58','2','1','8','false');
INSERT INTO "seat" (id, theater_id, "row", "column", exist) VALUES ('59','2','2','1','true');
INSERT INTO "seat" (id, theater_id, "row", "column", exist) VALUES ('60','2','2','2','true');
INSERT INTO "seat" (id, theater_id, "row", "column", exist) VALUES ('61','2','2','3','true');
INSERT INTO "seat" (id, theater_id, "row", "column", exist) VALUES ('62','2','2','4','true');
INSERT INTO "seat" (id, theater_id, "row", "column", exist) VALUES ('63','2','2','5','true');
INSERT INTO "seat" (id, theater_id, "row", "column", exist) VALUES ('64','2','2','6','true');
INSERT INTO "seat" (id, theater_id, "row", "column", exist) VALUES ('65','2','2','7','true');
INSERT INTO "seat" (id, theater_id, "row", "column", exist) VALUES ('66','2','2','8','true');
INSERT INTO "seat" (id, theater_id, "row", "column", exist) VALUES ('67','2','3','1','true');
INSERT INTO "seat" (id, theater_id, "row", "column", exist) VALUES ('68','2','3','2','true');
INSERT INTO "seat" (id, theater_id, "row", "column", exist) VALUES ('69','2','3','3','true');
INSERT INTO "seat" (id, theater_id, "row", "column", exist) VALUES ('70','2','3','4','true');
INSERT INTO "seat" (id, theater_id, "row", "column", exist) VALUES ('71','2','3','5','true');
INSERT INTO "seat" (id, theater_id, "row", "column", exist) VALUES ('72','2','3','6','true');
INSERT INTO "seat" (id, theater_id, "row", "column", exist) VALUES ('73','2','3','7','true');
INSERT INTO "seat" (id, theater_id, "row", "column", exist) VALUES ('74','2','3','8','true');
INSERT INTO "seat" (id, theater_id, "row", "column", exist) VALUES ('75','2','4','1','true');
INSERT INTO "seat" (id, theater_id, "row", "column", exist) VALUES ('76','2','4','2','true');
INSERT INTO "seat" (id, theater_id, "row", "column", exist) VALUES ('77','2','4','3','true');
INSERT INTO "seat" (id, theater_id, "row", "column", exist) VALUES ('78','2','4','4','true');
INSERT INTO "seat" (id, theater_id, "row", "column", exist) VALUES ('79','2','4','5','true');
INSERT INTO "seat" (id, theater_id, "row", "column", exist) VALUES ('80','2','4','6','true');
INSERT INTO "seat" (id, theater_id, "row", "column", exist) VALUES ('81','2','4','7','true');
INSERT INTO "seat" (id, theater_id, "row", "column", exist) VALUES ('82','2','4','8','true');
INSERT INTO "seat" (id, theater_id, "row", "column", exist) VALUES ('83','2','5','1','true');
INSERT INTO "seat" (id, theater_id, "row", "column", exist) VALUES ('84','2','5','2','true');
INSERT INTO "seat" (id, theater_id, "row", "column", exist) VALUES ('85','2','5','3','true');
INSERT INTO "seat" (id, theater_id, "row", "column", exist) VALUES ('86','2','5','4','true');
INSERT INTO "seat" (id, theater_id, "row", "column", exist) VALUES ('87','2','5','5','true');
INSERT INTO "seat" (id, theater_id, "row", "column", exist) VALUES ('88','2','5','6','true');
INSERT INTO "seat" (id, theater_id, "row", "column", exist) VALUES ('89','2','5','7','true');
INSERT INTO "seat" (id, theater_id, "row", "column", exist) VALUES ('90','2','5','8','true');
INSERT INTO "seat" (id, theater_id, "row", "column", exist) VALUES ('91','2','6','1','false');
INSERT INTO "seat" (id, theater_id, "row", "column", exist) VALUES ('92','2','6','2','true');
INSERT INTO "seat" (id, theater_id, "row", "column", exist) VALUES ('93','2','6','3','true');
INSERT INTO "seat" (id, theater_id, "row", "column", exist) VALUES ('94','2','6','4','true');
INSERT INTO "seat" (id, theater_id, "row", "column", exist) VALUES ('95','2','6','5','true');
INSERT INTO "seat" (id, theater_id, "row", "column", exist) VALUES ('96','2','6','6','true');
INSERT INTO "seat" (id, theater_id, "row", "column", exist) VALUES ('97','2','6','7','true');
INSERT INTO "seat" (id, theater_id, "row", "column", exist) VALUES ('98','2','6','8','false');
INSERT INTO "seat" (id, theater_id, "row", "column", exist) VALUES ('99','2','7','1','false');
INSERT INTO "seat" (id, theater_id, "row", "column", exist) VALUES ('100','2','7','2','false');
INSERT INTO "seat" (id, theater_id, "row", "column", exist) VALUES ('101','2','7','3','true');
INSERT INTO "seat" (id, theater_id, "row", "column", exist) VALUES ('102','2','7','4','true');
INSERT INTO "seat" (id, theater_id, "row", "column", exist) VALUES ('103','2','7','5','true');
INSERT INTO "seat" (id, theater_id, "row", "column", exist) VALUES ('104','2','7','6','true');
INSERT INTO "seat" (id, theater_id, "row", "column", exist) VALUES ('105','2','7','7','false');
INSERT INTO "seat" (id, theater_id, "row", "column", exist) VALUES ('106','2','7','8','false');
INSERT INTO "seat" (id, theater_id, "row", "column", exist) VALUES ('107','3','1','1','true');
INSERT INTO "seat" (id, theater_id, "row", "column", exist) VALUES ('108','3','1','2','true');
INSERT INTO "seat" (id, theater_id, "row", "column", exist) VALUES ('109','3','1','3','true');
INSERT INTO "seat" (id, theater_id, "row", "column", exist) VALUES ('110','3','1','4','true');
INSERT INTO "seat" (id, theater_id, "row", "column", exist) VALUES ('111','3','1','5','true');
INSERT INTO "seat" (id, theater_id, "row", "column", exist) VALUES ('112','3','1','6','true');
INSERT INTO "seat" (id, theater_id, "row", "column", exist) VALUES ('113','3','1','7','true');
INSERT INTO "seat" (id, theater_id, "row", "column", exist) VALUES ('114','3','1','8','true');
INSERT INTO "seat" (id, theater_id, "row", "column", exist) VALUES ('115','3','1','9','true');
INSERT INTO "seat" (id, theater_id, "row", "column", exist) VALUES ('116','3','2','1','true');
INSERT INTO "seat" (id, theater_id, "row", "column", exist) VALUES ('117','3','2','2','true');
INSERT INTO "seat" (id, theater_id, "row", "column", exist) VALUES ('118','3','2','3','true');
INSERT INTO "seat" (id, theater_id, "row", "column", exist) VALUES ('119','3','2','4','true');
INSERT INTO "seat" (id, theater_id, "row", "column", exist) VALUES ('120','3','2','5','true');
INSERT INTO "seat" (id, theater_id, "row", "column", exist) VALUES ('121','3','2','6','true');
INSERT INTO "seat" (id, theater_id, "row", "column", exist) VALUES ('122','3','2','7','true');
INSERT INTO "seat" (id, theater_id, "row", "column", exist) VALUES ('123','3','2','8','true');
INSERT INTO "seat" (id, theater_id, "row", "column", exist) VALUES ('124','3','2','9','true');
INSERT INTO "seat" (id, theater_id, "row", "column", exist) VALUES ('125','3','3','1','false');
INSERT INTO "seat" (id, theater_id, "row", "column", exist) VALUES ('126','3','3','2','false');
INSERT INTO "seat" (id, theater_id, "row", "column", exist) VALUES ('127','3','3','3','false');
INSERT INTO "seat" (id, theater_id, "row", "column", exist) VALUES ('128','3','3','4','false');
INSERT INTO "seat" (id, theater_id, "row", "column", exist) VALUES ('129','3','3','5','false');
INSERT INTO "seat" (id, theater_id, "row", "column", exist) VALUES ('130','3','3','6','false');
INSERT INTO "seat" (id, theater_id, "row", "column", exist) VALUES ('131','3','3','7','false');
INSERT INTO "seat" (id, theater_id, "row", "column", exist) VALUES ('132','3','3','8','false');
INSERT INTO "seat" (id, theater_id, "row", "column", exist) VALUES ('133','3','3','9','false');
INSERT INTO "seat" (id, theater_id, "row", "column", exist) VALUES ('134','3','4','1','true');
INSERT INTO "seat" (id, theater_id, "row", "column", exist) VALUES ('135','3','4','2','true');
INSERT INTO "seat" (id, theater_id, "row", "column", exist) VALUES ('136','3','4','3','true');
INSERT INTO "seat" (id, theater_id, "row", "column", exist) VALUES ('137','3','4','4','true');
INSERT INTO "seat" (id, theater_id, "row", "column", exist) VALUES ('138','3','4','5','true');
INSERT INTO "seat" (id, theater_id, "row", "column", exist) VALUES ('139','3','4','6','true');
INSERT INTO "seat" (id, theater_id, "row", "column", exist) VALUES ('140','3','4','7','true');
INSERT INTO "seat" (id, theater_id, "row", "column", exist) VALUES ('141','3','4','8','true');
INSERT INTO "seat" (id, theater_id, "row", "column", exist) VALUES ('142','3','4','9','true');
INSERT INTO "seat" (id, theater_id, "row", "column", exist) VALUES ('143','3','5','1','true');
INSERT INTO "seat" (id, theater_id, "row", "column", exist) VALUES ('144','3','5','2','true');
INSERT INTO "seat" (id, theater_id, "row", "column", exist) VALUES ('145','3','5','3','true');
INSERT INTO "seat" (id, theater_id, "row", "column", exist) VALUES ('146','3','5','4','true');
INSERT INTO "seat" (id, theater_id, "row", "column", exist) VALUES ('147','3','5','5','true');
INSERT INTO "seat" (id, theater_id, "row", "column", exist) VALUES ('148','3','5','6','true');
INSERT INTO "seat" (id, theater_id, "row", "column", exist) VALUES ('149','3','5','7','true');
INSERT INTO "seat" (id, theater_id, "row", "column", exist) VALUES ('150','3','5','8','true');
INSERT INTO "seat" (id, theater_id, "row", "column", exist) VALUES ('151','3','5','9','true');
INSERT INTO "seat" (id, theater_id, "row", "column", exist) VALUES ('152','3','6','1','true');
INSERT INTO "seat" (id, theater_id, "row", "column", exist) VALUES ('153','3','6','2','true');
INSERT INTO "seat" (id, theater_id, "row", "column", exist) VALUES ('154','3','6','3','true');
INSERT INTO "seat" (id, theater_id, "row", "column", exist) VALUES ('155','3','6','4','true');
INSERT INTO "seat" (id, theater_id, "row", "column", exist) VALUES ('156','3','6','5','true');
INSERT INTO "seat" (id, theater_id, "row", "column", exist) VALUES ('157','3','6','6','true');
INSERT INTO "seat" (id, theater_id, "row", "column", exist) VALUES ('158','3','6','7','true');
INSERT INTO "seat" (id, theater_id, "row", "column", exist) VALUES ('159','3','6','8','true');
INSERT INTO "seat" (id, theater_id, "row", "column", exist) VALUES ('160','3','6','9','true');
INSERT INTO "seat" (id, theater_id, "row", "column", exist) VALUES ('161','4','1','1','false');
INSERT INTO "seat" (id, theater_id, "row", "column", exist) VALUES ('162','4','1','2','true');
INSERT INTO "seat" (id, theater_id, "row", "column", exist) VALUES ('163','4','1','3','true');
INSERT INTO "seat" (id, theater_id, "row", "column", exist) VALUES ('164','4','1','4','true');
INSERT INTO "seat" (id, theater_id, "row", "column", exist) VALUES ('165','4','1','5','true');
INSERT INTO "seat" (id, theater_id, "row", "column", exist) VALUES ('166','4','1','6','true');
INSERT INTO "seat" (id, theater_id, "row", "column", exist) VALUES ('167','4','1','7','false');
INSERT INTO "seat" (id, theater_id, "row", "column", exist) VALUES ('168','4','2','1','true');
INSERT INTO "seat" (id, theater_id, "row", "column", exist) VALUES ('169','4','2','2','true');
INSERT INTO "seat" (id, theater_id, "row", "column", exist) VALUES ('170','4','2','3','true');
INSERT INTO "seat" (id, theater_id, "row", "column", exist) VALUES ('171','4','2','4','true');
INSERT INTO "seat" (id, theater_id, "row", "column", exist) VALUES ('172','4','2','5','true');
INSERT INTO "seat" (id, theater_id, "row", "column", exist) VALUES ('173','4','2','6','true');
INSERT INTO "seat" (id, theater_id, "row", "column", exist) VALUES ('174','4','2','7','true');
INSERT INTO "seat" (id, theater_id, "row", "column", exist) VALUES ('175','4','3','1','false');
INSERT INTO "seat" (id, theater_id, "row", "column", exist) VALUES ('176','4','3','2','false');
INSERT INTO "seat" (id, theater_id, "row", "column", exist) VALUES ('177','4','3','3','false');
INSERT INTO "seat" (id, theater_id, "row", "column", exist) VALUES ('178','4','3','4','false');
INSERT INTO "seat" (id, theater_id, "row", "column", exist) VALUES ('179','4','3','5','false');
INSERT INTO "seat" (id, theater_id, "row", "column", exist) VALUES ('180','4','3','6','false');
INSERT INTO "seat" (id, theater_id, "row", "column", exist) VALUES ('181','4','3','7','false');
INSERT INTO "seat" (id, theater_id, "row", "column", exist) VALUES ('182','4','4','1','true');
INSERT INTO "seat" (id, theater_id, "row", "column", exist) VALUES ('183','4','4','2','true');
INSERT INTO "seat" (id, theater_id, "row", "column", exist) VALUES ('184','4','4','3','true');
INSERT INTO "seat" (id, theater_id, "row", "column", exist) VALUES ('185','4','4','4','true');
INSERT INTO "seat" (id, theater_id, "row", "column", exist) VALUES ('186','4','4','5','true');
INSERT INTO "seat" (id, theater_id, "row", "column", exist) VALUES ('187','4','4','6','true');
INSERT INTO "seat" (id, theater_id, "row", "column", exist) VALUES ('188','4','4','7','true');
INSERT INTO "seat" (id, theater_id, "row", "column", exist) VALUES ('189','4','5','1','true');
INSERT INTO "seat" (id, theater_id, "row", "column", exist) VALUES ('190','4','5','2','true');
INSERT INTO "seat" (id, theater_id, "row", "column", exist) VALUES ('191','4','5','3','true');
INSERT INTO "seat" (id, theater_id, "row", "column", exist) VALUES ('192','4','5','4','true');
INSERT INTO "seat" (id, theater_id, "row", "column", exist) VALUES ('193','4','5','5','true');
INSERT INTO "seat" (id, theater_id, "row", "column", exist) VALUES ('194','4','5','6','true');
INSERT INTO "seat" (id, theater_id, "row", "column", exist) VALUES ('195','4','5','7','true');
INSERT INTO "seat" (id, theater_id, "row", "column", exist) VALUES ('196','4','6','1','false');
INSERT INTO "seat" (id, theater_id, "row", "column", exist) VALUES ('197','4','6','2','false');
INSERT INTO "seat" (id, theater_id, "row", "column", exist) VALUES ('198','4','6','3','false');
INSERT INTO "seat" (id, theater_id, "row", "column", exist) VALUES ('199','4','6','4','false');
INSERT INTO "seat" (id, theater_id, "row", "column", exist) VALUES ('200','4','6','5','false');
INSERT INTO "seat" (id, theater_id, "row", "column", exist) VALUES ('201','4','6','6','false');
INSERT INTO "seat" (id, theater_id, "row", "column", exist) VALUES ('202','4','6','7','false');
INSERT INTO "seat" (id, theater_id, "row", "column", exist) VALUES ('203','4','7','1','true');
INSERT INTO "seat" (id, theater_id, "row", "column", exist) VALUES ('204','4','7','2','true');
INSERT INTO "seat" (id, theater_id, "row", "column", exist) VALUES ('205','4','7','3','true');
INSERT INTO "seat" (id, theater_id, "row", "column", exist) VALUES ('206','4','7','4','true');
INSERT INTO "seat" (id, theater_id, "row", "column", exist) VALUES ('207','4','7','5','true');
INSERT INTO "seat" (id, theater_id, "row", "column", exist) VALUES ('208','4','7','6','true');
INSERT INTO "seat" (id, theater_id, "row", "column", exist) VALUES ('209','4','7','7','true');
INSERT INTO "seat" (id, theater_id, "row", "column", exist) VALUES ('210','4','8','1','false');
INSERT INTO "seat" (id, theater_id, "row", "column", exist) VALUES ('211','4','8','2','true');
INSERT INTO "seat" (id, theater_id, "row", "column", exist) VALUES ('212','4','8','3','true');
INSERT INTO "seat" (id, theater_id, "row", "column", exist) VALUES ('213','4','8','4','true');
INSERT INTO "seat" (id, theater_id, "row", "column", exist) VALUES ('214','4','8','5','true');
INSERT INTO "seat" (id, theater_id, "row", "column", exist) VALUES ('215','4','8','6','true');
INSERT INTO "seat" (id, theater_id, "row", "column", exist) VALUES ('216','4','8','7','false');



insert into "movie" (title, genre_id, trailer_url, duration, plot, poster_uri) VALUES ('King Kong', '1','https://www.youtube.com/watch?v=AYaTCPbYGdk', '187', 'In 1933 New York, an overly ambitious movie producer coerces his cast and hired ship crew to travel to mysterious Skull Island, where they encounter Kong, a giant ape who is immediately smitten with leading lady Ann Darrow.', 'http://ia.media-imdb.com/images/M/MV5BMTgzODQwNjAwOV5BMl5BanBnXkFtZTcwMDA4MDA0MQ@@._V1_SY317_CR0,0,214,317_AL_.jpg');
insert into "movie" (title, genre_id, trailer_url, duration, plot, poster_uri) VALUES ('Cars', '3','https://www.youtube.com/watch?v=SbXIj2T-_uk', '117', 'A hot-shot race-car named Lightning McQueen gets waylaid in Radiator Springs, where he finds the true meaning of friendship and family.', 'http://ia.media-imdb.com/images/M/MV5BMTg5NzY0MzA2MV5BMl5BanBnXkFtZTYwNDc3NTc2._V1_SX214_AL_.jpg');
insert into "movie" (title, genre_id, trailer_url, duration, plot, poster_uri) VALUES ('Jurassic World', '2','https://www.youtube.com/watch?v=RFinNxS5KN4', '124', 'Twenty-two years after the events of Jurassic Park, Isla Nublar now features a fully functioning dinosaur theme park, Jurassic World, as originally envisioned by John Hammond. After 10 years of operation and visitor rates declining, in order to fulfill a corporate mandate, a new attraction is created to re-spark visitors'' interest, which backfires horribly.', 'http://ia.media-imdb.com/images/M/MV5BMTQ5MTE0MTk3Nl5BMl5BanBnXkFtZTgwMjczMzk2NTE@._V1_SX214_AL_.jpg');
insert into "movie" (title, genre_id, trailer_url, duration, plot, poster_uri) VALUES ('American Sniper', '10','https://www.youtube.com/watch?v=99k3u9ay1gs', '132', 'Navy SEAL sniper Chris Kyle''s pinpoint accuracy saves countless lives on the battlefield and turns him into a legend. Back home to his wife and kids after four tours of duty, however, Chris finds that it is the war he can''t leave behind.', 'http://ia.media-imdb.com/images/M/MV5BMTkxNzI3ODI4Nl5BMl5BanBnXkFtZTgwMjkwMjY4MjE@._V1_SX214_AL_.jpg');
insert into "movie" (title, genre_id, trailer_url, duration, plot, poster_uri) VALUES ('The Hangover', '4','https://www.youtube.com/watch?v=tcdUhdOlz9M', '100', 'Three buddies wake up from a bachelor party in Las Vegas, with no memory of the previous night and the bachelor missing. They make their way around the city in order to find their friend before his wedding.', 'http://ia.media-imdb.com/images/M/MV5BMTU1MDA1MTYwMF5BMl5BanBnXkFtZTcwMDcxMzA1Mg@@._V1_SX214_AL_.jpg');
insert into "movie" (title, genre_id, trailer_url, duration, plot, poster_uri) VALUES ('The Godfather', '6','https://www.youtube.com/watch?v=sY1S34973zA', '175', 'The aging patriarch of an organized crime dynasty transfers control of his clandestine empire to his reluctant son.', 'http://ia.media-imdb.com/images/M/MV5BMjEyMjcyNDI4MF5BMl5BanBnXkFtZTcwMDA5Mzg3OA@@._V1_SX214_AL_.jpg');
insert into "movie" (title, genre_id, trailer_url, duration, plot, poster_uri) VALUES ('Django Unchained', '11','https://www.youtube.com/watch?v=eUdM9vrCbow', '165', 'With the help of a German bounty hunter, a freed slave sets out to rescue his wife from a brutal Mississippi plantation owner.', 'http://ia.media-imdb.com/images/M/MV5BMjIyNTQ5NjQ1OV5BMl5BanBnXkFtZTcwODg1MDU4OA@@._V1_SX214_AL_.jpg');
insert into "movie" (title, genre_id, trailer_url, duration, plot, poster_uri) VALUES ('Shining', '7','https://www.youtube.com/watch?v=S014oGZiSdI', '146', 'A family heads to an isolated hotel for the winter where an evil and spiritual presence influences the father into violence, while his psychic son sees horrific forebodings from the past and of the future.', 'http://ia.media-imdb.com/images/M/MV5BODMxMjE3NTA4Ml5BMl5BanBnXkFtZTgwNDc0NTIxMDE@._V1_SY317_CR1,0,214,317_AL_.jpg');
insert into "movie" (title, genre_id, trailer_url, duration, plot, poster_uri) VALUES ('Grease', '8','https://www.youtube.com/watch?v=wzWmxjYNfz4', '110', 'Good girl Sandy and greaser Danny fell in love over the summer. But when they unexpectedly discover they''re now in the same high school, will they be able to rekindle their romance?', 'http://ia.media-imdb.com/images/M/MV5BMTcyMTA5MTY3MF5BMl5BanBnXkFtZTgwMTMwNzAxMDE@._V1_SX214_AL_.jpg');
insert into "movie" (title, genre_id, trailer_url, duration, plot, poster_uri) VALUES ('Avatar', '9','https://www.youtube.com/watch?v=d1_JBMrrYw8', '162', 'A Paraplegic Marine dispatched to the moon Pandora on a unique mission becomes torn between following his orders and protecting the world he feels is his home..', 'http://ia.media-imdb.com/images/M/MV5BMTYwOTEwNjAzMl5BMl5BanBnXkFtZTcwODc5MTUwMw@@._V1_SY317_CR0,0,214,317_AL_.jpg');



insert into "show" (id, movie_id, theater_id, date_time) VALUES('1', '1', '1', '2015-06-22 15:30:00');  -- sala 1  show 1
insert into "show" (id, movie_id, theater_id, date_time) VALUES('2', '1', '1', '2015-06-22 18:30:00');  --         show 2
insert into "show" (id, movie_id, theater_id, date_time) VALUES('3', '1', '1', '2015-06-22 21:30:00');  --         show 3
insert into "show" (id, movie_id, theater_id, date_time) VALUES('4', '2', '2', '2015-06-22 15:30:00');  -- sala 2  show 4
insert into "show" (id, movie_id, theater_id, date_time) VALUES('5', '2', '2', '2015-06-22 18:30:00');  --         show 5
insert into "show" (id, movie_id, theater_id, date_time) VALUES('6', '2', '2', '2015-06-22 21:30:00');  --         show 6
insert into "show" (id, movie_id, theater_id, date_time) VALUES('7', '3', '3', '2015-06-22 15:30:00');  -- sala 3  show 7
insert into "show" (id, movie_id, theater_id, date_time) VALUES('8', '3', '3', '2015-06-22 18:30:00');  --         show 8
insert into "show" (id, movie_id, theater_id, date_time) VALUES('9', '3', '3', '2015-06-22 21:30:00');  --         show 9
insert into "show" (id, movie_id, theater_id, date_time) VALUES('10', '4', '4', '2015-06-22 15:30:00'); -- sala 4  show 10
insert into "show" (id, movie_id, theater_id, date_time) VALUES('11', '4', '4', '2015-06-22 18:30:00'); --         show 11
insert into "show" (id, movie_id, theater_id, date_time) VALUES('12', '4', '4', '2015-06-22 21:30:00'); --         show 12
insert into "show" (id, movie_id, theater_id, date_time) VALUES('13', '7', '3', '2015-06-23 15:30:00'); -- sala 3  show 13
insert into "show" (id, movie_id, theater_id, date_time) VALUES('14', '7', '3', '2015-06-23 18:30:00'); --         show 14
insert into "show" (id, movie_id, theater_id, date_time) VALUES('15', '7', '3', '2015-06-23 21:30:00'); --         show 15
insert into "show" (id, movie_id, theater_id, date_time) VALUES('16', '1', '1', '2015-06-23 15:30:00'); -- sala 1  show 16
insert into "show" (id, movie_id, theater_id, date_time) VALUES('17', '1', '1', '2015-06-23 18:30:00'); --         show 17
insert into "show" (id, movie_id, theater_id, date_time) VALUES('18', '1', '1', '2015-06-23 21:30:00'); --         show 18
insert into "show" (id, movie_id, theater_id, date_time) VALUES('19', '2', '2', '2015-06-23 15:30:00'); -- sala 2  show 19
insert into "show" (id, movie_id, theater_id, date_time) VALUES('20', '2', '2', '2015-06-23 18:30:00'); --         show 20
insert into "show" (id, movie_id, theater_id, date_time) VALUES('21', '2', '2', '2015-06-23 21:30:00'); --         show 21
insert into "show" (id, movie_id, theater_id, date_time) VALUES('22', '4', '4', '2015-06-23 15:30:00'); -- sala 4  show 22
insert into "show" (id, movie_id, theater_id, date_time) VALUES('23', '4', '4', '2015-06-23 18:30:00'); --         show 23
insert into "show" (id, movie_id, theater_id, date_time) VALUES('24', '4', '4', '2015-06-23 21:30:00'); --         show 24
insert into "show" (id, movie_id, theater_id, date_time) VALUES('25', '3', '1', '2015-06-24 15:30:00'); -- sala 1  show 25
insert into "show" (id, movie_id, theater_id, date_time) VALUES('26', '3', '1', '2015-06-24 18:30:00'); --         show 26
insert into "show" (id, movie_id, theater_id, date_time) VALUES('27', '3', '1', '2015-06-24 21:30:00'); --         show 27
insert into "show" (id, movie_id, theater_id, date_time) VALUES('28', '7', '2', '2015-06-24 15:30:00'); -- sala 2  show 28
insert into "show" (id, movie_id, theater_id, date_time) VALUES('29', '7', '2', '2015-06-24 18:30:00'); --         show 29
insert into "show" (id, movie_id, theater_id, date_time) VALUES('30', '7', '2', '2015-06-24 21:30:00'); --         show 30
insert into "show" (id, movie_id, theater_id, date_time) VALUES('31', '5', '3', '2015-06-24 15:30:00'); -- sala 3  show 31
insert into "show" (id, movie_id, theater_id, date_time) VALUES('32', '5', '3', '2015-06-24 18:30:00'); --         show 32
insert into "show" (id, movie_id, theater_id, date_time) VALUES('33', '5', '3', '2015-06-24 21:30:00'); --         show 33
insert into "show" (id, movie_id, theater_id, date_time) VALUES('34', '6', '4', '2015-06-24 15:30:00'); -- sala 4  show 34
insert into "show" (id, movie_id, theater_id, date_time) VALUES('35', '6', '4', '2015-06-24 18:30:00'); --         show 35
insert into "show" (id, movie_id, theater_id, date_time) VALUES('36', '6', '4', '2015-06-24 21:30:00'); --         show 36
insert into "show" (id, movie_id, theater_id, date_time) VALUES('37', '5', '1', '2015-06-25 15:30:00'); -- sala 1  show 37
insert into "show" (id, movie_id, theater_id, date_time) VALUES('38', '5', '1', '2015-06-25 18:30:00'); --         show 38
insert into "show" (id, movie_id, theater_id, date_time) VALUES('39', '5', '1', '2015-06-25 21:30:00'); --         show 39
insert into "show" (id, movie_id, theater_id, date_time) VALUES('40', '6', '2', '2015-06-25 15:30:00'); -- sala 2  show 40
insert into "show" (id, movie_id, theater_id, date_time) VALUES('41', '6', '2', '2015-06-25 18:30:00'); --         show 41
insert into "show" (id, movie_id, theater_id, date_time) VALUES('42', '6', '2', '2015-06-25 21:30:00'); --         show 42
insert into "show" (id, movie_id, theater_id, date_time) VALUES('43', '8', '3', '2015-06-25 15:30:00'); -- sala 3  show 43
insert into "show" (id, movie_id, theater_id, date_time) VALUES('44', '8', '3', '2015-06-25 18:30:00'); --         show 44
insert into "show" (id, movie_id, theater_id, date_time) VALUES('45', '10', '3', '2015-06-25 21:30:00');--         show 45
insert into "show" (id, movie_id, theater_id, date_time) VALUES('46', '9', '4', '2015-06-25 15:30:00'); -- sala 4  show 46
insert into "show" (id, movie_id, theater_id, date_time) VALUES('47', '9', '4', '2015-06-25 18:30:00'); --         show 47
insert into "show" (id, movie_id, theater_id, date_time) VALUES('48', '9', '4', '2015-06-25 21:30:00'); --         show 48
insert into "show" (id, movie_id, theater_id, date_time) VALUES('49', '10', '1', '2015-06-26 15:30:00');-- sala 1  show 49
insert into "show" (id, movie_id, theater_id, date_time) VALUES('50', '10', '1', '2015-06-26 18:30:00');--         show 50
insert into "show" (id, movie_id, theater_id, date_time) VALUES('51', '8', '1', '2015-06-26 21:30:00'); --         show 51
insert into "show" (id, movie_id, theater_id, date_time) VALUES('52', '9', '2', '2015-06-26 15:30:00'); -- sala 2  show 52
insert into "show" (id, movie_id, theater_id, date_time) VALUES('53', '9', '2', '2015-06-26 18:30:00'); --         show 53
insert into "show" (id, movie_id, theater_id, date_time) VALUES('54', '9', '2', '2015-06-26 21:30:00'); --         show 54
insert into "show" (id, movie_id, theater_id, date_time) VALUES('55', '8', '1', '2015-06-27 15:30:00'); -- sala 1  show 55
insert into "show" (id, movie_id, theater_id, date_time) VALUES('56', '8', '1', '2015-06-27 18:30:00'); --         show 56
insert into "show" (id, movie_id, theater_id, date_time) VALUES('57', '8', '1', '2015-06-27 21:30:00'); --         show 57
insert into "show" (id, movie_id, theater_id, date_time) VALUES('58', '10', '2', '2015-06-27 15:30:00');-- sala 2  show 58
insert into "show" (id, movie_id, theater_id, date_time) VALUES('59', '10', '2', '2015-06-27 21:30:00');--         show 59


insert into "reservation" (user_id, show_id, price_id, seat_id) VALUES ('1','2','1','24'); --sala 1
insert into "reservation" (user_id, show_id, price_id, seat_id) VALUES ('1','2','1','25');
insert into "reservation" (user_id, show_id, price_id, seat_id) VALUES ('1','2','1','26');
insert into "reservation" (user_id, show_id, price_id, seat_id) VALUES ('1','2','1','27');
insert into "reservation" (user_id, show_id, price_id, seat_id) VALUES ('3','6','1','62'); --sala 2
insert into "reservation" (user_id, show_id, price_id, seat_id) VALUES ('3','6','1','63');
insert into "reservation" (user_id, show_id, price_id, seat_id) VALUES ('3','6','1','64');
insert into "reservation" (user_id, show_id, price_id, seat_id) VALUES ('3','6','1','65');
insert into "reservation" (user_id, show_id, price_id, seat_id) VALUES ('3','6','1','66');
insert into "reservation" (user_id, show_id, price_id, seat_id) VALUES ('5','8','1','112'); --sala 3
insert into "reservation" (user_id, show_id, price_id, seat_id) VALUES ('5','8','1','113');
insert into "reservation" (user_id, show_id, price_id, seat_id) VALUES ('5','8','1','114');
insert into "reservation" (user_id, show_id, price_id, seat_id) VALUES ('8','15','1','110'); --sala 3
insert into "reservation" (user_id, show_id, price_id, seat_id) VALUES ('8','15','1','112');
insert into "reservation" (user_id, show_id, price_id, seat_id) VALUES ('8','15','1','114');
insert into "reservation" (user_id, show_id, price_id, seat_id) VALUES ('9','12','1','168'); -- sala 4
insert into "reservation" (user_id, show_id, price_id, seat_id) VALUES ('9','12','1','169');
insert into "reservation" (user_id, show_id, price_id, seat_id) VALUES ('9','12','1','170');
insert into "reservation" (user_id, show_id, price_id, seat_id) VALUES ('9','12','1','171');
insert into "reservation" (user_id, show_id, price_id, seat_id) VALUES ('9','12','1','172');
insert into "reservation" (user_id, show_id, price_id, seat_id) VALUES ('9','12','1','173');





